Nota;HaQuantoTempo;TipoRefeicao;Preco;Comentario;Comida;Serviço;Ambiente;Barulho;TamGrupo;Espera;PratosRecomendados;Estacionamento;Acessibilidade;Assento;Evento
4;3 semanas atrás;Café da manhã;R$ 40–60;"Fui hoje, domingo, por volta de 09h da manhã já estava com fila para pegar a comida e depois outra fila para a bebida. Deixando claro que o próprio bairro da liberdade estava uma loucura!!!A comida é maravilhosa, tanto o que provei de salgado, que foi um quiche de alho poró (só estava um pouco frio), o croissant de banana com Nutella e o New York Roll também de Nutella, estavam divinos!!!Para beber pedi um Capuccino, que não é muita coisa, não pediria de novo.O lugar é pequeno pela quantidade de pessoas circulando, tanto no térreo quanto no 1° andar. Não cheguei a ir no 2º, achei um cantinho no balcão e fiquei por lá mesmo, estava impossível se mexer com a bandeja com os alimentos e a bebida.Os atendentes parece que estão estressados, de ""saco cheio"" de tanta gente e tanta informação pra dar, e não achei que atendem com simpatia, são sempre secos, desde quem me atendeu na fila da comida, da bebida, do caixa e do balcão que fica do lado de fora.Eu voltaria sim, mas tentaria um dia mais tranquilo para poder escolher as coisas com mais calma, sem pressão de fila, e encontrar um lugar para comer em paz.";5;3;4;Nível moderado de barulho;1 pessoa, 2 pessoas;;;;;;
5;3 semanas atrás;Outro;R$ 20–40;A comida é incrível, mas erraram no sabor da minha choux cream e do folhado da minha sobrinha. Considerando que o local estava lotado e demoramos para encontrar um lugar para fazer a refeição, foi dificil retornar ao balcão para solicitar a troca pelos sabores corretos. O preço está dentro do praticado. Dê preferência para ir durante a semana ou bem cedo (fica muito cheio aos sábados).;5;4;4;Nível muito alto de barulho, difícil de ouvir;2 pessoas;;;;;;
5;2 meses atrás;Outro;R$ 40–60;Incrível!!!Visitamos a 89 em uma sexta por volta das 18:00, não sei se foi sorte, ou o horário, mas estava “tranquilo”. Sem fila para entrar, sem fila para pedir a comida, sem fila para pedir a bebida! Somente para pedir o NY rolls estava mais movimentado, mas era mais a “confusão” de quem entrava e saía, do que de fato de quem estava pedindo.Tem muitas opções, muitas mesmo! E todas de comer com os olhos! Para um nível São Paulo, no coração da Liberdade, e pela qualidade oferecida, achei os valores pagáveis!Tudo o que pedimos estavam extremamente deliciosos. Destaco o choux de baunilha, que realmente é feito com fava de baunilha, uma delícia, o melhor que comi, não deixe de pedir!! Nas fotos não aparece, mas pedimos um sanduíche de rosbife que estava incrível!Sou a pessoa que foge de filas, se estivesse cheio para entrar, com certeza não iria, e pelo o que já pesquisei, fim de semana é bem comum estar lotado, então, vá durante a semana se tiver tempo hábil para isso.Destaco o atendimento de TODOS os funcionários, a que nos atendeu para pedir comida, o rapaz que nos atendeu nas bebidas a moça do caixa, todos muito simpáticos e cordiais!Vale super a visita, ainda mais pela qualidade oferecida!;5;5;5;;De 3 a 4 pessoas;;;;;;
2;3 semanas atrás;Outro;R$ 40–60;Vitrine lindaaa, você olha e quer comer tudooooo !! Porém fake news, o sabor é muito pesado e gorduroso, pura gordura hidrogenada! Que decepção! Pedido torta de pistache, torta cocada de nuts e banofe. Caro, bonito demais e totalmente sem sabor, pesado e gorduroso!;2;4;4;Nível moderado de barulho;;Sem espera;;;;;
5;3 meses atrás;Café da manhã;R$ 80–100;Meu lugar favorito da Liba, tem muita fila mas o segredo é chegar cedo, já que ele abre antes do que o resto do comércio local.Se conseguir ir em pelo menos 2 pessoas, uma fica na fila dos salgados/doces e outra na fila das bebidas.Não possui cardápio, por isso é importante combinar antes o que quer pegar, mas tenha certeza de que não importa o que escolher, vai ser uma boa experiência. Além da apresentação linda, tudo é delicioso!Meus favoritos são o Niguiri Sando Salmão Spicy, feito com a massa folheada deles que derrete na boca, e a casinha do Totoro -  Choco Ganache House, que na época do natal vira a casinha do bonequinho de gengibre.Também sempre levo o Kabocha, um salgado com queijo, carne e massa de abóbora japonesa, e a Takoxinha, uma coxinha de polvo! Fora os biscoitinhos de farinha de amendoa!;5;5;5;Nível moderado de barulho;;De 10 a 30 min;;;;;
5;um mês atrás;Café da manhã;R$ 40–60;"É a segunda vez que visito, esqueci de avaliar na primeira vez.+ Atedimento ótimo. Pessoal é rapido apesar da loucura e da mulridão de gente. Mesas estavam sempre sendo limpas enquanto estava no local.+ Dessa ultima vez pedi um tost de brie, um bolo de matcha e frutas vermelhas e um cappuccino gelado. Tudo excelente! Destaque para o bolo fofinho, matcha na medida certa e não muito doce. Os preços são de SP, então tem coisas exorbitantes e coisas mais em conta. Tem MUITA variedade. Sempre tem novidades, como o mousse na bola de pokemon.DICAS:- Chegue cedo. Chegamos num domingo, 5 minutos antes de abrir e já tinham  umas 15 pessoas na fila;- Se estiver em mais de uma pessoa, uma vai para a fila da bebida ( que demora um pouquinho para preparar) e outra fica na fila da comida, que é entregue na hora.Considero TOP 5 cafeterias de SP. A qualidade é excelente.";5;5;4;Nível moderado de barulho;;De 10 a 30 min;;;;;
5;4 meses atrás;Outro;R$ 20–40;Lovely Japanese-Style Café in Liberdade 🇯🇵☕89 Coffee is a cozy spot in Praça da Liberdade with a charming Japanese theme that perfectly matches the district’s atmosphere. As someone living in Japan, I found the menu pleasantly good, from the coffee and tea to the cakes and pastries, everything felt “Japanese.”I ordered the butter scotchy coffee, which was very sweet, maybe that’s why I found it way sweeter than what I usually have in Japan. Still, it was delicious, especially if you enjoy sweet drinks. They also offer a wide variety of items like sandwiches, cakes, macarons, cookies, and bread, all beautifully presented.The café was quite crowded when I visited, probably because it’s one of the most popular spots in the area. Overall, it’s a great place to take a short break, enjoy Japanese-style sweets, and soak in the Liberdade vibe. 🍰✨;5;5;5;Nível moderado de barulho;;Sem espera;;;;;
5;3 meses atrás;R$ 40–60;;Fui em um sábado que era feriado, estava lotado como na foto, mas surpreendentemente os atendentes eram rápidos. Achei que de aparência o croissant de salame era pequeno e que não valia 22 reais, (na foto ele já está comido) mas depois de comer vi que é bem recheado e muito gostoso! Um salgado, um doce e uma bebida que estavam deliciosos, deram 49 reais! Me surprendi pois é o padrão mesmo de cafeteria, achei que daria bem mais caro. Realmente a qualidade da comida é excelente. O espaço lá em cima é bem legal, a fila pro pagamento estava enorme mas foi super rápido. Tive uma ótima experiência e voltaria de novo com certeza. Recomendo;5;5;5;Nível moderado de barulho;;;;;;;
4;um mês atrás;R$ 40–60;;Pedi o bolo de melão e me surpreendi. É um dos melhores doces que já comi, macio, cremoso e não é enjoativo. O tiramisù também é bem gostoso, tem um gosto de café bem forte para quem gosta. De bebida, recomendo o butter scotchy, que tem café, leite, caramelo e baunilha - até eu que não curto muito caramelo gostei, não é melado e, por ser gelado, é bastante refrescante. O atendimento é um pouco confuso, por ser um lugar pequeno e apertado. É preciso um pouco de paciência;5;4;5;Nível moderado de barulho;;Até 10 minutos;;;;;
5;Editado 4 meses atrás;R$ 20–40;;Cafeteria diferenciada, comidas feitas com produtos de qualidade e bom gosto. Uma experiência de sabor que não é esquecida!!!! Não há necessidade de indicar algo, tudo lá é delicioso... Mas, eu tenho paixão pelo bombom que parece uma florzinha de cerejeira.🌸 Masssss precisam organizar melhor a forma como os pedidos no balcão são feitos, pois a fila entre vitrine de doces e salgados deixa os recém chegados bastante confusos. E é algo que percebo com recorrência.😉;5;4;4;Nível moderado de barulho;;;;;;;
4;um mês atrás;R$ 40–60;;Tem uma fila quilométrica, mas a comida é muito boa. Já as bebidas não são ruins, porém não oferecem absolutamente nada de diferente.O nome tem uma informação interessante já que 89°C é a temperatura ideal de infusão do café expresso. Considero um lugar que funde um pouco da confeitaria japonesa com a europeia, vale uma visita.;5;4;4;Nível alto de barulho, mas ainda é possível conversar;;De 10 a 30 min;;;;;
5;4 meses atrás;Café da manhã;R$ 20–40;Uma variedade absurda de doces e salgados tudo muito saboroso! Fui em um sábado pela manhã e o lugar estava lotado: fila para entrar e fila para fazer o pedido. Mesmo assim, o atendimento é ágil e rapidamente você é atendido. Vale a visita!;5;5;5;Nível moderado de barulho;Adequado para grupos de todos os tamanhos;;;;;;
5;um mês atrás;Café da manhã;R$ 100–120;Aqui é parada obrigatória quando se está na Liberdade!Comida que te envolve em cada mordida, tanto salgado quanto doce, e cada gole das bebidas magníficas ali disponíveis te leva a outro patamar de sabores.3-4 vezes lá já e contando. Se está em São Paulo, vá nesse café!Mesmo lotado, já que sempre vamos aos finais de semana, o atendimento é rápido e o fluxo em todo o ambiente é propício para isso.Gasto para duas pessoas: de R$100 a R$200, caso queira experimentar uma coisinha de cada (salgado, doce e bebida).;5;5;4;Nível moderado de barulho;;Até 10 minutos;;;;;
5;5 meses atrás;Café da manhã;R$ 60–80;Há uma grande variedade de salgados, doces e bebidas, todos muito saborosos. Entre as cafeterias da região, considero essa a melhor da Liberdade. O local costuma estar bem cheio, com duas filas:  uma para as bebidas e outra para os lanches, mas enquanto espera já dá para escolher ( olhando as vitrines) o que vai pedir. O atendimento é bom, e nas duas vezes em que estive lá, as atendentes foram simpáticas e prestativas. Os doces são deliciosos e as bebidas também. Os preços são um pouco altos, mas a qualidade compensa.;5;5;5;;;;;;;;
4;5 meses atrás;Café da manhã;R$ 60–80;"Um ótimo lugar com variedade de comidas (principalmente doce); acho que senti falta de mais opções salgadas decoradas.É linda a arte dos doces, muito gostoso tb! Mas prepare o bolso porque o preço ê caro, mas vale a pena experimentar, principalmente turistas.Só nao recomendo um que é um potinho de ganache e chocolate de avelã porque é muuuito doce pra comer sozinho kkkkk(Tudo na imagem deu 130 reais)";5;5;4;Nível moderado de barulho;1 pessoa, 2 pessoas, De 3 a 4 pessoas;;;;;;
4;2 meses atrás;R$ 20–40;;Local extremamente agradável, bem servido e com limpeza impecável. Recomendo a todos que estão visitando São Paulo e busquem uma experiência acolhedora. O único ponto negativo é que costuma ficar bastante cheio, então vale a pena chegar cedo para aproveitar melhor o ambiente e o conforto.;5;5;4;;;;;;;;
5;4 meses atrás;R$ 40–60;;Fui conhecer essa cafeteria no coração da liberdade e adorei a experiência. Cheguei por volta de 7:20 e precisei esperar a abertura, já tinha uma pequena fila. Assim que abriu, rapidamente já peguei a fila e fiz o pedido das bebidas e dos salgados. Levou mais ou menos 30 minutos pra eu pegar tudo e sentar pra comer. Encheu rapidamente, então recomendo se atentar ao horário. Gostei muito do capuccino gelado e também do lanche com peito de peru e ovo cozido. Mas senti falta de opções de omelete ou ovo mexido. No geral recomendo o lugar!;5;5;5;Silencioso, fácil de conversar;2 pessoas, De 3 a 4 pessoas;;;;;;
4;8 meses atrás;;;Simplesmente essa foi a cafeteria mais muvucada que eu já vi na vida. Tinha uma fila enorme para escolher os salgados, fila separada para as bebidas e fila para pagar. É realmente uma casa muito lotada! Estive na 89 num domingo e a cafeteria está localizada no coração da Liberdade, bem na praça principal da muvuca da feira de domingo. Obviamente, isso compromete a experiência. Porém, a casa oferece muitas opções de doces e salgados deliciosos que compensam esse desconforto.Experimentei o croissant de niguiri de shimeji com gorgonzola. É uma proposta diferente e achei saboroso (por R$ 23). Também provei o NY Roll de pistache, que estava uma delícia (por R$ 25). Com o café latte, a conta totalizou cerca de R$ 62. Não foi barato. A infraestrutura é ok, mas com mesas muito próximas, distribuídas em dois andares. A vibe é de fast food: os clientes pegam fila e se servem, comem rápido e vão embora. Não é um local para degustar um café intimista com muito papo e encontro entre amigos. A cafeteria tem perfil de ser um pit stop rápido para turistas que estão na Liberdade.Porém, vale pena conhecer a cafeteria pela oferta de salgados e bons doces. Mas acredito que a visita durante um dia de semana possa ser mais agradável e tranquila.;5;4;4;;;;;;;;
5;5 meses atrás;Café da manhã;R$ 60–80;essa cafeteria é bem requisitada na liberdade, fui sábado de manhã bem cedo já estava bem cheia, com fila pra entrar e fazer o pedido, mas não achei demorado, a fila andou rápido, você só precisa saber o que pedir pra não demorar o prox atendimento, minha dica é: quando você entrar, olhar as opções e já grava as que você quer, pra quando for pedir, ser rapidinho.eu pedi uma torrada de presunto parma e queijo de burrata, é uma opção gelada e estava maravilhoso, acompanhado de um capuccino gelado que é meu favorito e um macarrom de maracujá do pikachu, ele simplesmente derretia na boca.tudo uma delícia!eu adorei conhecer, achei a decoração lindíssima e a vitrine deles mt bem recheada, vale super a pena a visita!;5;5;5;Nível moderado de barulho;;Até 10 minutos;;;;;
3;um mês atrás;;;Bom, fui em um dia que o café estava muuuuito cheio, por conta da feirinha da Liberdade. A comida é muito boa, pedimos uns bolinhos e um chocolate quente.Achei meio confuso o sistema de pedidos, não sei se é assim todos os dias, mas tivemos que pegar uma fila para pedir comida e depois outra pra bebida.;5;5;3;;;;;;;;
4;5 meses atrás;Brunch;R$ 40–60;Fui nessa cafeteria recentemente, em uma quinta-feira à tarde, e gostei bastante da experiência em vários aspectos. Experimentei uma empada de frango, uma choux de baunilha e um croissant de chocolate tudo estava muito gostoso!Pontos positivos: o cardápio é variado, os doces têm ótima qualidade e sabor marcante.Pontos a melhorar: estava muito calor dentro da loja, o ar-condicionado parecia não dar conta. Além disso, os banheiros estavam bem sujos, foi impossível usar. Fui com uma bebê e, infelizmente, não havia trocador para poder trocar minha filha.Se em uma quinta-feira à tarde já estava tão cheio e abafado, imagino que no final de semana deve ser quase impossível entrar no local. Se fosse um espaço menos movimentado ou melhor ventilado, com banheiros limpos, acredito que seria uma experiência fantástica.Ainda assim, recomendo para quem quiser provar bons doces, seria bom que esses pontos sejam ajustados;5;3;3;Nível alto de barulho, mas ainda é possível conversar;2 pessoas;;;;;;
5;um mês atrás;Café da manhã;R$ 20–40;It was crowded. Probably because it's Saturday?Anyway, so many cute foods 😍 and not only cute, it really taste yummy 🥰 my daughter and i will come back here again to try other sweets ❤️;5;5;5;Nível moderado de barulho;;Sem espera;;;;;
4;4 meses atrás;;R$ 40–60;Apesar das filas em dias de pico vale a pena a espera! o chocolate italiano é incrível. Tem opção de soda italiana sem açúcar. Tudo feito com muito capricho e delicioso, cafés com sabor e confeitaria bem diversificada;5;4;4;Nível moderado de barulho;;Até 10 minutos;;;;;
5;5 meses atrás;Outro;R$ 40–60;minha cafeteria preferida enquanto estive em SP. tudo que eu pedi foi gostoso, exceto o melon pan… achei super básico e um gosto artificial, sabe? gosto de balinha ice kiss de melão. massssss, todo o resto vale a pena!!!! os salgados são deliciosos, os bolos, tudo! fui 2 vezes durante 7 dias. enfim, voltaria pra SP só por ela. recomendo o roll de calabresa… delicioso!;5;5;3;Nível alto de barulho, mas ainda é possível conversar;;Até 10 minutos;;;;;
5;2 meses atrás;Café da manhã;R$ 40–60;O ambiente é super aconchegante, daquele tipo que dá vontade de sentar sem pressa e aproveitar cada detalhe( não esquece de ir no ultimo andar). O local tem um clima acolhedor, perfeito pra uma pausa no meio do dia.A comida estava simplesmente maravilhosa! Pedi uma torta folheada que estava perfeita — massa leve, crocante, cheia de sabor — e um pão de queijo quentinho, macio.E o cappuccino… maravilhoso! Cremoso, equilibrado, uns dos melhores que já provei.Com certeza um lugar que dá vontade de voltar, e voltarei 💛☕;5;5;5;Silencioso, fácil de conversar;;Até 10 minutos;;;;;
4;6 meses atrás;Café da manhã;R$ 40–60;Tive a oportunidade de visitar a cafeteria em um domingo de manhã e estava bem movimentada. O sistema de atendimento, direciona para que os clientes peguem uma fila para escolher os alimentos e outra fila para as bebidas. Esse forma parece ter sido pensada para agilizar os pedidos, mas acaba gerando mais filas e um certo desconforto.Optei por um croissant com cheddar e um mocha, e ambos estavam deliciosos. No entanto, o ambiente agitado foge um pouco da proposta de uma cafeteria tradicional, onde se espera um espaço tranquilo para comer e conversar. Isso pode impactar a experiência de quem busca um momento mais calmo. Acredito que em dias da semana menos movimentados a atmosfera seja mais agradável.Por outro lado, os doces são realmente impressionantes e a vitrine é de dar água na boca, mostrando o cuidado na elaboração. É um lugar que vale a visita, mas talvez seja melhor escolher um horário menos movimentado para aproveitar ao máximo.;4;4;3;Nível moderado de barulho;;De 10 a 30 min;;;;;
5;3 semanas atrás;;;Gostei de tudo, mas o que eu mais quero elogiar é o cuidado com o meio ambiente. Um exemplo pra todos imitarem: potes de vidro, talheres de madeira... tudo bioecologicamente correto. Parabéns!;5;5;5;;;;;;;;
5;3 meses atrás;Brunch;R$ 20–40;Adorei o atendimento muito simpáticos doces e lanches são muito bonitos gostosos bem e diferente  do normal ... Um ambiente climatizado todo ambiente é limpo e parece bem organizado, pedimos dois 3 doces diferentes e estavam todos deliciosos recomendo .;5;5;5;Nível moderado de barulho;1 pessoa, 2 pessoas, De 3 a 4 pessoas, De 5 a 8 pessoas;;;;;;
5;um mês atrás;Café da manhã;R$ 180–200;Acredito que o espaço poderia ser um pouco mais amplo, tinham pessoas em pé aguardando lugar para sentar, mas de restante tudo muito bom , os doces, salgados muito gostoso mesmo.;5;5;4;Silencioso, fácil de conversar;;;;;;;
4;4 meses atrás;R$ 40–60;;"Gosto das sugestões que os funcionários dão com base no que você quer experimentar, sabem descrever bem e com base nisso, podemos saber se é aquilo que efetivamente queremos.O ambiente não considero tão calmo; não é exatamente o tipo de lugar para sentar e ter um momento 100% tranquilo, ao meu ver. Transmite um pouco da correria de SP.Mas o café gelado compensa qualquer coisa, que delícia! Indispensável para quem aprecia esse tipo de bebida.Os macarons, por outro lado, deixaram a desejar. Pareciam estar há algum tempo na vitrine, o que afetou a textura e o sabor.";4;5;4;Nível alto de barulho, mas ainda é possível conversar;1 pessoa, 2 pessoas, De 3 a 4 pessoas;;;;;;
5;4 meses atrás;Café da manhã;;Gostei bastante e já estou me programando pra voltar!Fui em um sábado de manhã e estava super lotado mas super rolou comer tranquilo. Comidas gostosas de comer com os olhos ✨;5;4;5;;;Até 10 minutos;;;;;
5;2 meses atrás;R$ 80–100;;Chegamos por volta das 8h40, existe uma fila para doces e salgados e outra para bebidas! Atendimento muito rápido, tudo muito delicioso!;5;5;5;Nível moderado de barulho;Adequado para grupos de todos os tamanhos;;;;;;
5;5 meses atrás;Outro;R$ 40–60;Ambiente muito bonito e aconchegante, porém cheio e confuso na hora de fazer o pedido, o cake de oreo não estava muito saboroso, um pouco sem gosto, mas o capuccino gelado estava uma delicia. Adorei a decoração e a proposta da cafeteria, vitrine impecável também... Recomendo;3;4;5;;;;;;;;
5;4 meses atrás;R$ 40–60;;Como eu gosto da 89° se pudesse iria sempre, mas sempre que dá estou lá, essa cafeteria é parada obrigatória na liberdade 🥰As comidas e bebidas são tudo gostosas e bem frescas, apesar de sempre ter fila eu recomendo, pois a variedade de coisas é muito grande e sempre dá pra pedir coisas diferentes tanto doces quanto salgado.O Karê pan é o melhor que já comi na vida 😋;5;5;5;Nível moderado de barulho;;;;;;;
5;2 meses atrás;;;Café “preto e passado” de qualidade, na regiao foi o melhor que tomei. sanduíche de lombo com misô estava bom também, a choux estava Ok, pegamos de matcha para experimentar mas nao somos muitos fãs mas ruim nao estava.;5;5;4;;;;;;;;
5;6 meses atrás;Café da manhã;R$ 120–140;Uma cafeteria bem localizada, com atendimento cordial e opções deliciosas.Chegamos por volta de 09:00 em um sábado e já tinha fila, acredito que aguardamos por uns 10 minutos. Ao entrar a gente pega outra fila para pedir o que comer e depois outra fila para pedir a bebida, mas é super rápido.Um estilo de cafeteria diferenciado, não é aquelas pra ir e sentar na mesa tranquilamente, olhar o cardápio e ir escolhendo com calma, o pessoal já sai pedindo tudo de uma vez pra não ter que voltar na fila novamente. Eu já fui de semana e achei um pouco mais tranquilo. Mas vale super a pena, tudo muito delicioso.;5;5;5;Nível alto de barulho, mas ainda é possível conversar;;;;;;Área de refeições coberta;
5;3 meses atrás;Café da manhã;R$ 60–80;Excelente! Muitas opções no cardápio/vitrine e tudo muito saboroso. Apesar de ter fila o atendimento é muito rápido e os atendentes pacientes, educados e simpáticos! Local limpo e super agradável. Super indico!;5;5;5;Silencioso, fácil de conversar;;Até 10 minutos;;;;;
5;7 meses atrás;R$ 40–60;;Costuma ser beeeeem cheia e bem concorrida, mas vale o hype! Não consegui provar tantas coisas, mas tenho a impressão que tudo é muito bem feito! Pedimos um café, impecável, inclusive. Além do café, provamos a choux cream de matcha e uma generosa fatia de uma torta de amendoim. Quero voltar mais vezes!;5;5;5;Silencioso, fácil de conversar;De 3 a 4 pessoas;;;;;;
4;3 meses atrás;;;"Acho essa cafeteria diferenciada por seus doces e salgados “estilosos”, mas, na minha opinião, superestimada… os sanduíches são bonitos, os doces, bonitos, mas falta um plus, um gosto especial e marcante, pelo preço que é cobrado. Dou um exemplo: o tiramissú estava sem gosto e muito fluido; faltou algo mais cremoso e encorpado. E o sistema de pedir em um lugar, pegar em outro, bebida em outro… cansa.";3;3;4;;;;;;;;
4;6 meses atrás;R$ 60–80;;"Basicamente uma cafeteira hypada, vale a pena?Se você estiver passeando pela liberdade, e nunca foi, eu recomendo conhecer sim, mas não é um rolê de sempre que eu particularmente iria.Basicamente um café ""superfaturado""e hypada, mas eu recomendo. Tudo que comemos estava gostoso, (exceto o bolo de Oreo que eu achei nada demais) mas tinha bastante fila e estava bem cheio.";4;4;4;;Adequado para grupos de todos os tamanhos;De 30 a 60 min;;;;;
2;3 meses atrás;Café da manhã;R$ 180–200;Pode parecer bem estereotipado meu comentário.Pode ser o procedimento generalizado de culturas asiáticas ou por ser capital e cidade grande. Achei uma logística horrível. A fila de atendimento é em frente a vitrine, isso atrapalha a escolha do pedido.Os cafés e a torta de matcha foram sem graça...;4;3;4;Nível moderado de barulho;;Até 10 minutos;;;;;
5;3 meses atrás;Brunch;R$ 20–40;Um lugar sem erro é a 89, sobremesas e salgados deliciosos. Atendimento ótimo,  apesar de muito movimento é tudo bem rápido. Fui 3 vezes durante a viagem 🥰🥰❤️;5;5;5;;;Sem espera;;;;;
5;9 meses atrás;Brunch;R$ 40–60;Fui com uma amiga em uma terça-feira e era por volta das 11:00, estava com um volume normal de pessoas. O ambiente é muito bonito e acolhedor, sentamos no segundo andar que acaba ficando mais vazio do que o primeiro, trazendo um pouco de privacidade.A respeito da comida, eu pedi um croissant de atum e ela de salame, ambos saborosos e um folhado extremamente macio e saboroso, mesmo sabendo que é mais gorduroso por conta do preparo, não fica gorduroso na mão, igual outros que já comi! O de atum me surpreendeu demais demais!Além disso pedi um new york roll de nutella e ela um donuts de açúcar e canela, amamos também! O NYroll é bem recheado e o folhado uma delícia e ela gostou muito da massa do donuts.Ambas pediram soda italiana, aqui foi decepcionante kkk tinha mais água com gás do que essência, então foi bem chocho, nos arrependemos de ter pego, teríamos trocado por cafe, mesmo que se tornasse uma segunda dose de café no dia kkk pq café é café!Realmente, os pedidos são feitos por etapa:1ª fila: Pede o que vai comer2ª fila: Pede o que vai beberFora isso, nossa experiência foi muito agradável, e sem dúvidas voltaria, mas só durante a semana mesmo pra conseguir aproveitar a experiência sem estresse kkk de final de semana deve ser UÓ, pq o ambiente não é tão amplo assim e a parte inicial da cafeteria é curta, então fica lotação máxima em segundos.;5;5;5;Silencioso, fácil de conversar;;Sem espera;;;;;
5;4 meses atrás;R$ 60–80;;A dinâmica deles não é muito prática, mas funciona pro tanto de clientes que eles atendem por dia! Mas tudo o que comemos lá é maravilhoso!!!;5;3;3;;2 pessoas;De 10 a 30 min;;;;;
5;6 meses atrás;Outro;R$ 60–80;Lugar bonito apesar de estar sempre lotado, uma variedade de comidas, muitas opções de doces. Já fizemos algumas visitas e ja experimentamos várias sobremesas, se for uma primeira visita recomendo o croassant de mascarpone com morango, sobremesa leve e gostosa. Mas todas são muito bem feitas, por ser um lugar bastante conhecido provavelmente terá uma fila, mas vale a espera;5;5;5;Nível moderado de barulho;;De 10 a 30 min;;;;;
4;5 meses atrás;Café da manhã;R$ 80–100;Muito demorado a fila pra entrar aos domingos de manhã! Doces maravilhosos! Perfeito! Ambiente agradável! Atendimento muito bom!!- Fila do caixa enorme e demorada e pra pedir e pegar o pedido também!;5;4;5;;;De 30 a 60 min;;;;;
5;Editado 3 meses atrás;;;Fui em dois dias, no sábado e domingo. Os dois dias muito cheios, mas no domingo consegui sentar. O cardápio chama atenção pelo visual, mas também pelo sabor. O lanche de frango defumado é muito gostoso. O crepe com cobertura de chocolate com um pretezel pequeno no topo é sensacional. Faço ressalva no capuccino gelado, muito gelo pouca bebida e o chantili com um gosto diferente, parecia velho. Sugiro não ir nesses dias. Já passei em frente durante a semana, que é mais tranquilo e da pra levar a familiar e curtir bastante.#dia 23.12# vazio, consegui lugar pra sentar e provei a coxinha de shimeji, super recomendo. O cookie de chocolate muito doce e pouco crocante (*padrão?). E por último o lanche de frango com tomate e queijo é perfeito.;5;5;5;;;;;;;;
3;6 meses atrás;;;Tudo tem uma cara ótima na vitrine, mas cuidado! Na vitrine havia uma banoffee linda, mas quado fui comer, não havia nada de banoffee, nem no sabor nem na textura, parecia mais com um bolo de aveia com chantili, nao encontrei o doce de leite, não encontrei nem a banana, ou seja, não era uma banofeee, e além disso era muito ruim. Pedi um chocolate gelado, esse estava bom. A decepção maior foi no pagamento. Tenho sempre o hábito de pedir para emitir a nota fiscal e quando fui conferir os itens após o pagamento, bingo!!!! Estavam me cobrando 24,00 a mais por um item que eu nao consumi, voltei no caixa, chamei a supervisora e ela prontamente me devolveu a diferença em dinheiro e pediu desculpas.;2;2;2;;;;;;;;
5;9 meses atrás;Café da manhã;R$ 60–80;Muito cheio quando fui tomar café da manhã por volta das 8-9h, mas muito gostoso, valeu muito a pena. A fila não demorou muito e o pedido tbm ficou pronto rápido. E ainda tinha lugar pra sentar, não precisei segurar mesa. Tudo muito delicioso, só os bolos que minhas amigas compraram não gostei tanto. Meu pedido estava perfeito: New York roll que nem aguentei comer na hora, chocolate italiano (muuuito cremoso) com marshmallow e sanduíche de atum empanado com purê e queijo (tinha um nome japonês mas não me lembro);5;4;4;;De 3 a 4 pessoas;Sem espera;;;;;
4;2 meses atrás;;R$ 80–100;Um local com doces e salgados únicos, uma experiência que deve ser feita uma vez, valores um pouco superfaturados, porém valeu a pena pela experiência.;4;4;4;Nível alto de barulho, mas ainda é possível conversar;;;;;;;
5;8 meses atrás;R$ 60–80;;"Fui com meu namorado domingo pela manhã. Tem fila para entrar e para fazer o pedido, mas nada que leve horas.Pedimos o chocolate quente e o chocolate italiano, são bons, mas levam chocolate meio amargo. O italiano é denso como chocilate derretido e vem num copo comestível. Também pedimos os itens das fotos.Os sabores são bem suaves, então se você gosta de coisas com bastante açúcar, não recomendo os itens que pedi.A torta de banana é um pouco seca e tem o sabor de banana beeem suave; o croissant de amendoas é muito bom, mas de novo, tem sabor leve; o choux cream é bem gostosinho e suuuper recheado, o creme é doce sem ser enjoativo (peguei o de vanilla); o tost de parma é bem saboroso, pegaria de novo; não lembro o valor do cinnamom de pistache, mas o sabor de chocolate branco é mais marcante que o pistache; e o katsu sando de milanesa suína... meu deus! Que coisa mais gostosa! Comeria sempre se possível.Os funcionários são simpáticos e solícitos, oferecem um bom atendimento e tentam manter o ambiente limpo e organizado.Pontos negativos, só tem um banheiro e é uma luta pra usar ele, pois a fila é enorme.Não é acessível para pessoas com carrinho de bebê, locomoção reduzida ou pcd visual sem acompanhante.";5;5;5;Nível moderado de barulho;De 5 a 8 pessoas;;;;;;
5;3 meses atrás;Café da manhã;R$ 40–60;Eu amei! Vale super a pena! Custo acessível, ambiente agradável, comida deliciosa! Melhor cafeteria da Liberdade.;5;5;5;Nível moderado de barulho;De 3 a 4 pessoas;;;;;;
5;6 meses atrás;;;O que falar da 89ºC?Todos os finais de semana estou na Liberdade e se eu não comer uma coxinha de F. Catupiry de nada valeu.Tem fila prá entrar, prá escolher o produto, para pagar temmmm... Mas vale muito a pena a experiência.Não sou fã dos doces apesar de parecerem jóias, por não terem o adocicado que eu gosto.Mas vale a pena provar!;5;5;5;;;;;;;;
5;um mês atrás;R$ 40–60;;Fui turistar em SP, e o primeiro lugar que fui conhecer foi a 89!! Comida muito saborosa, tudo muito bom. O único detalhe é que vive cheio, mas vale a pena a experiência.;5;4;4;Nível moderado de barulho;;Até 10 minutos;;;;;
3;um mês atrás;Café da manhã;R$ 60–80;Vale a experiência, mas se prepare para ser mal atendido, ficar em filas, comer sentado se conseguir lugar.;5;3;5;Nível alto de barulho, mas ainda é possível conversar;;;;;;;
5;2 meses atrás;R$ 120–140;;Muita coisa que tem lá não encontra em outro lugar .Fantástico , tudo bem preparado .E de dar água na boca , vale muito a pena conhecer;5;5;5;Nível moderado de barulho;Adequado para grupos de todos os tamanhos;;;;;;
4;um mês atrás;R$ 40–60;;Já foi melhor... Gostava muito da coxinha de shimeji mas ela esta mais massuda e com menos recheio, os bolos estão sem gosto... Triste. Os atendentes sao muito educados e solícitos. Tem que ir em dia de semana para ter paz para aproveitar melhor.;4;5;4;Nível alto de barulho, mas ainda é possível conversar;2 pessoas;;;;;;
5;8 meses atrás;R$ 20–40;;A 89  é uma daquelas cafeterias hypadas que a gente vai com o pé atrás, achando que pode ser só mais uma... mas que surpresa maravilhosa! Pedi o choux cream e fui imediatamente transportada para o Japão, mesma textura, mesmo sabor, uma verdadeira explosão de nostalgia. Foi, sem dúvidas, o mais perfeito que já comi.Apesar da fama e do movimento, o atendimento foi super ágil: esperei no máximo 2 minutos na fila. Vale cada minuto e cada mordida. Recomendo demais!;5;5;5;Nível alto de barulho, mas ainda é possível conversar;2 pessoas;;;;;;
5;10 meses atrás;Refeição no local;Café da manhã;Resumo: recomendadíssimo pra tomar um café com um lanchinho.Excelente local pra tomar café da manhã ou fazer um lanchinho na liberdade. Recomendo particularmente o Karê pan (se quiser algo salgado) e o Choux de matcha (se quiser algo doce). Mas tudo que eu comi até hoje lá estava ótimo.Pra quem realmente gosta de café (sem açucar), as bebidas de café são ótimas, inclusive os básicos drip e espresso.O local em si é arrumadinho, bonito, mas nada extraordinário. Vale ressaltar que todos os funcionarios são ótimos e bem educados, as mesas estão sempre limpas e tudo funciona de forma ágil. O esquema de retirar comidas e bebidas é um pouco confuso e mal organizado.E não é barato, você vai gastar, no mínimo, R$25~30 pra tomar um café e um salgado ou doce.Ainda assim, vale super a pena mesmo se estiver um pouco cheio.;5;4;4;;;;Bakery, Doughnuts, Japanese Drip Coffee, Rolls, Kare Pan E Choux Cream, Choux Cream Custard;;Muitas escadas, não é um lugar pra sentar e comer se você tiver problemas de acessibilidade.;;
4;4 meses atrás;;;A comida é ótima e os preços ok, mas o lugar é bem cheio, o que prejudica um pouco a experiência, eles não controlam lotação, só deixam as pessoas entrar 😂;5;4;4;;;;;;;;
2;5 meses atrás;Outro;;Primeira vez, não volto mais. Não entendo pq é tão cheio. O lugar desorganizado, confuso pra fazer o pedido e ainda te tratam mal quando vc entra na fila errada. São Paulo é grande demais com muitas opções pra passar por essa humilhação por um café. Comida bonita mas não é gostosa. Nada especial.;1;1;1;;1 pessoa;;;;;;
5;3 meses atrás;Brunch;R$ 40–60;Doces e salgados fantásticos.... variedades que até dificulta a escolha...o ambiente é sempre cheio nos finais de semana. Difícil pedir os itens e achar lugar para comer no interior da loja, mas com paciência vale a pena. Doces 25,00 .... opções veganas.O atendimento é devagar... devido a quantidade de gente...;5;3;4;Nível alto de barulho, mas ainda é possível conversar;;De 10 a 30 min;;;;;
3;8 meses atrás;R$ 60–80;;Fui na hora que abriu, já tinha fila pra entrar, uma filinha pra pegar o doce ou salgado e outra pra bebidas. O atendimento foi bom e até rápido para o tanto de gente. Pedi dois capuccinos e o sanduíche com salmão defumado com queijo de búfala. O sanduíche estava muito bom, capuccino nada demais (só um café superfaturado) No geral, sinceramente, não vale a visita. Cafeteria muito hypada da internet. A comida com certeza é boa, mas pra mim não vale o preço e a fila de espera. Tem diversas outras cafeterias ao lado que dão uma experiência parecida.;4;5;3;;;;;;;;
4;10 meses atrás;Refeição no local;Jantar;Fomos numa segunda-feira, então filas do lado de fora, como certos comentários salientam, não foram um problema. Havia, sim, muita gente dentro da loja. De duas das três vezes que fomos, as mesas estavam todas ocupadas.Achei a loja bonita e os atendentes foram cordiais.Nas visitas comi minipizza, croissant, coxinha e o Choco Ganache, que pra mim foi o mais fabuloso de todos.Minha amiga experimentou cone de nutella, Frappé de Matchá, o New York Roll de pistache e um sanduíche de carne com misso, que foi o que ela mais gostou.Achei as opções de doces mais legais e variadas do que as de salgados.;4;5;5;;;;;;;;
4;5 meses atrás;R$ 20–40;;A torta de frutas vermelhas é maravilhosa! Infelizmente a bebida demorou quase meia hora para sair, pois o atendimento não fez o pedido e quando ficou pronta estava horrível... super amarga!;3;3;4;Nível moderado de barulho;;;;;;;
5;7 meses atrás;R$ 20–40;;Cafeteria e confeitaria incrível! Embora sempre muito cheia, o atendimento é rápido e de muita qualidade. Comprei uns biscoitos para presentear e uma bebida incrível (eu me esqueci o nome agora). Se vai até o bairro Liberdade, o 89°C Coffee Station é parada obrigatória!;5;5;5;Nível alto de barulho, mas ainda é possível conversar;;;;;;;
5;8 meses atrás;R$ 40–60;;Apesar do movimento intenso nos fins de semana, o espaço é amplo e o atendimento surpreende pela agilidade. A comida é ok, nada muito memorável. Pedi um folhado de três queijos que veio bem gorduroso. Em compensação, o café é muito bom, e o cinnamon roll de pistache é simplesmente delicioso, sempre peço! O grande destaque da casa sem dúvida sao os doces, tem uma variedade enorme e capricho na execução. Vale muito a visita.;4;5;4;;;;;;;;
4;2 semanas atrás;;;Fui no dia 08/03/2026, por volta das 12h30. O lanche estava muito bom, bem preparado e saboroso. Porém, achei o atendimento da moça do café um pouco estranho naquele momento, como se estivesse procurando algum motivo para discutir. Pode ter sido apenas um dia mais estressante, mas achei o atendimento pouco cordial. No geral, o lanche e o café foram ótimos.;5;3;5;;;;;;;;
4;um mês atrás;R$ 20–40;;Tem uma variedade incrível de comidas. Único problema é que fica muito cheio.;5;5;5;;;;;;;Lugares no balcão;
5;Editado um ano atrás;Refeição no local;Café da manhã;Essa cafeteria na Liberdade é simplesmente incrível! O ambiente é acolhedor, com uma decoração charmosa e muito bem cuidada, além de ser impecavelmente limpo, o que faz toda a diferença. O espaço é ideal tanto para um café tranquilo quanto para uma pausa com amigos ou até mesmo para quem gosta de trabalhar em um lugar agradável.O cardápio é um destaque à parte, oferecendo uma grande variedade de opções: doces, salgados, cafés, chás e muito mais. Cada item é preparado com evidente atenção à qualidade e aos detalhes, garantindo sabores que surpreendem. Seja para quem adora um café especial, um chá aromático ou um doce irresistível, aqui você encontra algo que agrada a todos os gostos.O atendimento é outro ponto forte. A equipe é super atenciosa e eficiente, sempre disposta a ajudar na escolha do que melhor combina com seu momento. Você faz o pedido e eles preparam tudo com capricho e agilidade, garantindo uma experiência impecável do início ao fim.Por ser tão especial, a cafeteria é muito procurada, então a dica é chegar cedo para evitar filas. A qualidade e o ambiente acolhedor fazem dela um verdadeiro sucesso, e a alta demanda é apenas reflexo disso.Na região, há outras opções, mas nenhuma se compara a esta. É, sem dúvida, a melhor da área, e merece ser visitada por quem valoriza um bom café em um espaço diferenciado. Recomendo de olhos fechados!03/11/2024;5;5;5;;;;;;;;
5;8 meses atrás;R$ 40–60;;Gostei demais da 89! Tem um fluxo muito grande de pessoas, mas ainda assim o atendimento consegue ser muito organizado e de qualidade, facilitado pelo pager (você pega um dispositivo que avisa quando seu pedido fica pronto, dessa forma pode se acomodar na mesa com tranquilidade). Funcionários simpáticos, comida de qualidade com preço justo e ambiente muito agradável.Tem vários doces finos e personalizados e um cardápio muito vasto também.;5;5;4;Nível moderado de barulho;;De 10 a 30 min;;;;;
4;5 meses atrás;;;Ambiente no térreo e entrada meio cheio e caótico, mas no fundo e no andar superior é mais tranquilo.Experimentei um sorvete misto de matcha e baunilha no croissant (18 reais) e achei diferente, gostoso, mas não surpreendente, além de ser pouco doce.;4;5;5;;;;;;;;
5;um mês atrás;Brunch;R$ 120–140;Mesmo cheio o atendimento é rápido e eficiente, tudo que eu peço nessa cafeteria é gostoso. Adoro os NY Rolls enfeitados fofinhos mas todos uma delícia.;5;5;5;Nível moderado de barulho;;Até 10 minutos;;;;;
5;7 meses atrás;R$ 20–40;;Cara, o roll de pistache é dos DEUSES! Vale a pena. É grande e dividimos em duas pessoas. Meu sobrinho comprou o de brigadeiro e estava bem gostoso também! A parte boa é que dá para comprar os rolls do lado de fora (sem ter que pegar aquele vuco vuco de dentro do restaurante).Obs: voltamos depois pra “almoçar”. Nada de muito bom nos lanches, mas o roll vale muito, muito a pena.;5;2;4;;;Sem espera;;;;;
4;11 meses atrás;R$ 20–40;;A 89 coffee foi minha cafeteria favorita durante muito tempo. Devo já ter ido na cafeteria pelo menos umas 20x kkkk.O atendimento é ótimo, mesmo com muitos clientes, os atendentes tentam te dar toda assistência.MUITA variedade de comida, não existe outra cafeteria com tanta variedade de doces e salgados, além de doces temáticos, salgados e sanduíches asiáticos e cafés de ótimo sabor e preparo. Além disso, estão sempre renovando com doces e salgados novos que talvez apelas lá tenha essa opção para comer.O preço, comparado com outras padarias/cafeterias, é muito bom e eles aceitam Ticket/Alelo/Sodexo (vale refeição).O meu único porém é que comecei a deixar de ir infelizmente pela quantidade de pessoas e o local. A liberdade está cada vez mais cheia e por isso há um incomodo para ir a cafeteria.Recomendo muito o KarePan e a torta de nutella com morango (que as vezes pode estar em falta pela grande procura).;5;5;3;;;;Croissants E Choux Creams Diversos;;;;
5;11 meses atrás;Refeição no local;Café da manhã;Fomos no domingo pela manhã, tinha fila para entrar, porém durou no máximo uns 10 minutos. O problema foi la dentro, onde precisamos escolher rapidamente o que queremos de comida e não pensamos direito 🥲 Recomendo ja ir com o cardápio visto e ja saber o que quer comer kk. As comidas são bem gostosas e o preço condiz com o local e a fama que o café tem!Os doces são um show a parte, bem bonitos! E os atendentes foram queridos por mais que o atendimento tenha sido na pressa.;5;5;4;;;;;;;;
5;um ano atrás;Refeição no local;Café da manhã;Cafeteria super famosa na Liberdade, está sempre cheia, mas o atendimento é rápido e gentil. Conta com uma variedade enorme de doces, bebidas e salgados, sendo possível comprar NY rolls pela janela para levar sem entrar e encarar a fila, mas recomendo comer no ambiente - são dois andares com bastante lugar.É difícil escolher dentre as opções, que atendem desde os gostos mais clássicos até as criações mais inusitadas. Escolhi a torta frangipane, que é de cocada com noz caramelizada e estava deliciosa. Uma das que mais sai na casa, o sabor é bem equilibrado e leve, nem muito doce, mas cremosa e crocante.Só que o destaque para mim, que gosto de coisas mais doces, foi o ny roll de cookie recheado de doce de leite. O cookie estava super macio e o chocolate derretia por dentro, além de um toque de flor de sal que fez a diferença. O doce de leite era de qualidade e nunca vi um NY roll tão recheado… recomendo muito!;5;5;4;;;;;;;;
5;6 meses atrás;Brunch;R$ 20–40;89°c é com certeza uma das cafeterias mais aconchegantes e saborosas que eu fui, os preços variam entre 20$ - 39$, vale muito apena, produção nova todo os dias, vc pega uma comanda assim que entra, bastante organizado!;5;4;5;Nível moderado de barulho;;De 30 a 60 min;;;;;
4;um ano atrás;;;RESUMO: Surpreendentemente saboroso e rápido, mas atendimento mediano e cafeteria sempre lotada.EXPERIÊNCIA: Peça primeiro a bebida, porque ela é preparada na hora e demanda mais tempo. Depois de pedir, vá para a fila dos doces e salgados. O problema aqui é a pressão: os atendentes têm pressa e você mal terá tempo de avaliar as opções e os preços do cardápio. Pra mim, isso é um ponto muito negativo. Preferiria que eles limitassem a entrada, ao invés de atender na correria.COMIDA: Tudo maravilhoso. Fiquei surpresa com a diversidade e a qualidade de tudo que pedimos. Pegamos três toasts (parma e búfala), um brownie, um sanduíche, um hot-dog, um cookie, um latte e um chocolate quente. Tudo ficou R$120. O preço assusta, mas não achei caro pela região e pela qualidade. Tudo que provamos era muito saboroso e bem feito. Comeria muito mais, de tão gostoso que era!AMBIENTE: Como não há limitação de entrada, o espaço fica sempre muito cheio. Fomos em um domingo às 9h e conseguimos sentar no balcão com vista para a rua, mas enquanto comíamos, notamos que a cafeteria ficou muito cheia e todas as mesas estavam ocupadas, inclusive com gente comendo em pé. Não há espaço suficiente para a quantidade de pessoas que eles recebem.;5;3;4;;;;;;;;
5;7 meses atrás;R$ 80–100;;Estabelecimento muito confortável e as  comidas sempre bem apresentáveis, Só volto porque sou apaixonado pelo Melon Pan (R$8,50) e a Torta Escocesa do Pica-pau (R$19,90). Os preços são altos mas compensam a qualidade do produto.A grande lotação incomoda e estraga um pouco a experiência mas como é ponto de referência na Liberdade então faz parte. 🚇;5;3;5;Nível alto de barulho, mas ainda é possível conversar;2 pessoas, De 3 a 4 pessoas;;;;;;
3;11 meses atrás;Refeição no local;Café da manhã;1º- Fila do lado de fora2º- Fila para comida3º- Fila pra bebida (a que mais demorou)4º- tem que subir escadas, mesas só no 2º e 3º andar, se tem problemas de locomoção não aconselho, 2º andar é raro ter mesa disponívelNão sei se pelas filas mas croque monsieur estava duro, gelado e com o bacon cruTorrada com manteiga, não vale a pena.Ponto positivo, a tortinha de banana estava muito gostosa.Café normal, porém entornou uma parte de tão cheio que estava com pessoas se esbarrando na escada.Chá de hibisco estava realmente bom;2;4;3;;;;;Estacionamento indisponível;;;
5;7 meses atrás;Café da manhã;R$ 60–80;Espaço: Lindo mas lotado! Uma funcionária me disse que nas férias sempre fica assim. Ok, isso não atrapalhou minha experiência, mas vou voltar num dia mais tranquilo. Muita coisa gostosa principalmente as bebidas.;5;4;4;Nível muito alto de barulho, difícil de ouvir;;;;;;;
4;7 meses atrás;;;89c° Station Coffee Station é um bom lugar na Liberdade, em São Paulo. Recomendo especialmente os seus sanduíches, pois são saborosos, embora eu sugerisse aumentar um pouco a quantidade de molho aplicada neles para realçar ainda mais o sabor.;4;5;2;;;;;;;;
5;5 meses atrás;Brunch;R$ 80–100;O lugar é extremamente cheio aos finais de semana, mas vale muito a experiência. Gostamos bastante.;5;5;5;Nível alto de barulho, mas ainda é possível conversar;;De 10 a 30 min;;;;;
1;3 meses atrás;;;Torta de pistache com blueberry sabor chuchu ou não tem sabor nem do pistache nem do blueberry, mini bolo brownie de chocolate sem sabor de chocolate pura decepção!;1;3;3;;;;;;;;
2;10 meses atrás;;;O kare pan e choux cream são deliciosos.O ambiente é bem apertado, sendo impossível transitar pela cafeteria sem esbarrar em alguém - isso porque fui durante a semana, que é tranquilo. Nos fins de semana deve ser impraticável.O que mais me desapontou foi o serviço: ao sentarmos para comer, constatamos que a soda italiana do meu amigo veio com pouca essência, estava com gosto puro de água com gás. Chamamos uma das atendentes para nos auxiliar e a resposta dela foi: “isso não é comigo, vá na cafeteria pra ver se eles resolvem.”Simplesmente tirou o corpo fora e se negou a ajudar um cliente, como se nem trabalhasse ali. Decepcionante.Pra resumir: preços bons e excelentes preparos, a comida é a melhor parte da experiência.O espaço é compacto, mas isso dá pra relevar. O que mais desapontou foi a displicência e o nível do serviço.;5;1;3;;;;;;;;
4;um ano atrás;;;Eu já estava querendo conhecer essa cafeteria há um tempo. E ela me surpreendeu positivamente.Geralmente ela é bem cheia! Mas, fiquei feliz que consegui entrar. Eu adorei a qualidade e o preço dos produtos oferecidos.Vale a pena lembrar que o sistema deles funciona assim: tem uma fila para escolher o que comer e outra para o que você vai beber.Mas, não é nada que atrapalhe a experiência.O preço justo é outro atrativo! Eu super recomendo 😍👌🏻Ps- o sanduíche de frango grelhado é um absurdo de gostosooo 😋;5;5;5;;;;;;;;
5;um mês atrás;R$ 40–60;;Gostamos muito de conhecer a 89°C Coffee Station. Tem alguns lanches diferenciados.É um local muito movimentado.;4;4;4;;;;;;;;
4;9 meses atrás;Brunch;;"Minha experiência foi boa, achei o doce muito gostoso, café com leite era bom e o que minha amiga pediu eu experimentei e estava delicioso.Em relação à comida, não tenho o que falar nota 10/10.Pontos que precisam de melhoria urgente:Atendimento dos funcionários e melhor organização da fila, pq da forma que vocês operam hoje, a experiência do cliente é horrivel: fila para entrar, fila para pedir o que for comer, fila para pedir o que for beber, fila para pagar, fila para ir ao banheiro, somando todas as filas que eu peguei deu uns 60 minutos só em ""filas"".Atendimento também poderia ser melhor, afinal ficar em tantas filas e ser atendido de qualquer jeito para pagar uma conta cara acaba não valendo muito a pena, visto em comparação com outros lugares do mesmo segmento.";5;4;4;;;;;;;;
5;Editado 5 meses atrás;Brunch;R$ 20–40;Eu adorei conhecer esse lugar. Tudo nas vitrines parecia delicioso e com bons preços ! O que eu pedi tmb estava !Quando voltar a São Paulo, com certeza será uma parada obrigatória !;5;5;5;Nível moderado de barulho;;;;;;;
4;um ano atrás;Refeição no local;Outro;Estive na 89 Coffee Station em um sábado, e como esperado, o local estava lotado. Mesmo com a fila, o atendimento foi rápido e gentil, o que é sempre um ponto positivo. Decidimos experimentar o Japanese Drip Coffee (R$ 16,00), que é coado na Hario V60. O sabor era excelente e a experiência foi enriquecida com as opções de sobremesas.Pedimos a canjica com cobertura de matcha, uma torta de nozes, um chocolate de matcha e um bolinho verde e fofo com recheio de matcha que estava simplesmente divino! Foi uma grata surpresa descobrir que todos esses itens harmonizam tão bem com o café.Recomendo a visita, especialmente para os amantes de café e matcha. Apesar de cheio, o ambiente aconchegante e a qualidade dos produtos fazem valer a pena a espera!;5;4;4;;;;;;;;
5;2 meses atrás;Outro;R$ 20–40;Fiquei namorando por muito tempo pelo Instagram, o New York roll de pistache da 89ºC, até o dia que eu vim pra SP e pude saciar esse desejo rsrsrs;5;5;5;Nível moderado de barulho;;Até 10 minutos;;;;;
4;2 meses atrás;;;Muita gente e o cinamom roll ficou enjoativo de doce após a metade;4;3;3;;;;;;;;
5;11 meses atrás;Refeição no local;Outro;Quem vai a região da Liberdade não pode deixar de conhecer essa cafeteria. Local com muitas opções de doces e salgados maravilhosos. Por isso sugiro que veja o cardápio com antecedência.O ambiente costuma estar sempre cheio e com dificuldade de encontrar lugar, também devido ao grande movimento não se tem tanto suporte dos funcionários sobre os produtos. Os pedidos são feitos de forma muito rápida no balcão, sem muito tempo para decidir dentre todas as opções.;5;4;4;;;;Diversos Sanduíches, Soda Italiana de Maçã Verde;Estacionamento indisponível;;;
5;5 meses atrás;Brunch;R$ 20–40;Excelente local, mas muito muito cheio!Comida boa, café delicioso... vale a pena!;5;4;5;;2 pessoas;De 10 a 30 min;;;;;
5;Editado 7 meses atrás;R$ 40–60;;Apesar de muuuito concorrida a casa , com um pouco de paciência é possível fazer um bom café da manhã ou um lanche rápido com muitas coisas deliciosas, diferentes e em um ambiente muito bom .;5;5;5;Nível moderado de barulho;De 3 a 4 pessoas;;;;;;
2;um ano atrás;Café da manhã;R$ 40–60;Antes de ir à cafeteria eu pesquisei e vi comentários muito bons. Porém, minha experiência não foi boa. Achei extremamente caro (o que é normal, já que é uma cafeteria superfaturada), mas a comida não é nada demais. O item salgado que eu pedi estava ok, porém o bolo e o café que pedi estavam horríveis, senti que joguei meu dinheiro fora. No dia anterior tinha ido na We Coffee e apesar de também ser cara acho que compensou muito mais.;2;3;4;;;;;;;;
5;Editado um ano atrás;Refeição no local;Outro;Por estar bem no miolo da região comercial/turística da Liberdade, encontra-se sempre cheio, mas a logística de atendimento permite que se consiga receber os pedidos sem muita demora.Nas duas vezes em que eu fui, só pedi para comer opções doces e todas estavam muito gostosas (destaco principalmente o short cake de melão e o “leaf”). Para beber, gostei muito do green tea latte que, por ter bastante gosto de chá verde, pode acabar não agradando a todos os paladares. Os preços são justos no contexto de São Paulo e por ser ponto turístico do bairro.;5;5;4;;;;;;;;
2;4 meses atrás;;;Lugar com experiencia mega desagradavel de fila. Pouca gente pra atender, num lugar imenso, que poderia certamente rer serviço de mesa e tornar a experiencia agradavel. Mas não, é igual tirar uma segunda via do rg no poupatempo.;3;1;1;;;;;;;;
5;um mês atrás;R$ 40–60;;Fomos no domingo (22/02) e chegamos por volta das 10h, o local já estava bem cheio e com fila para pegar os doces e salgados mas andou rápido. O croissant de salame é uma delícia e bem recheado de salame e o new york roll de pistache é muito bom também. O cappucino gelado vem em um copo grande e bem gostoso, vale o valor. O único ponto negativo é que por conta da fila, é um pouco difícil de conseguir escolher os salgados, pois quando chegamos de frente deles já fomos chamados para pedir.Pedimos 4 itens salgados e duas bebidas, a conta ficou por volta de R$114.Acredito que vale a experiência, voltaria com certeza :);5;5;4;Nível moderado de barulho;2 pessoas;;;;;;
5;um ano atrás;Refeição no local;Almoço;O Lugar é muito bonito, as comidas além de gostosas, são lindas, os atendentes simpáticos, o lugar super cheio (no sábado), a única coisa que peca, é ter apenas 1 banheiro, e termos que ficar MUITO tempo na fila. De resto vale muito apena a visita. Os preços são ok pra alto, porém a qualidade é equivalente e apresentação também.;5;5;4;;;;;;;;
4;um ano atrás;;;Gostei, porém acho que precisaria melhorar a logística. Uma fila para as bebidas e outra para as comidas. Você vai comer ou beber algo frio.Estava cheio, dia de semana por volta das 10h30.Croissant de mascarpone divino! Porém peguei um new york de pistache ressecado. Vou voltar para provar mais opções.;4;4;5;;;;;;;;
5;um ano atrás;Café da manhã;R$ 40–60;Essa cafeteria você encontra diversidade e muitas coisas diferentes de uma cafeteria comum brasileira. Acho que esse é o charme e diferencial.Se você tiver paciência,vale a pena ir,ela está sempre movimentada e tem de café filtrado a sorvete de matchá, além dos donuts e sobremesas que você come com os olhos,pois o visual e a forma como é produzido muda tudo nesse lugar.O serviço é através da comanda, assim que você entra você a recebe na catraca e faz seu próprio pedido.O espaço tem 3 níveis: o primeiro onde você escolhe suas bebidas como café,matchá , chás e comidas. O segundo tem balcões com vista para rua e mesas para dois a quatro pessoas, além de refrigeradores com opções de bebidas geladas e o terceiro é mais amplo e onde estão localizados os banheiros.Confesso que desejaria que fosse um lugar mais tranquilo e silencioso onde eu pudesse passar mais tempo, mas ele tem o perfil daquela cafeteria que você entra,come, bate um papo e depois vai dar uma volta pelo bairro.Impossível de trabalhar ou ler um livro lá.Mas isso é devido a sua localização que fica quase em frente à saída do metrô e na esquina.Em média o que eu consumo não passa de R$50 reais.Vejo que a Liberdade está ficando pequena para tantos turistas, finais de semanas, feriados e férias.Vocês vão encontrar muitas opções,mas também muita gente circulando pelas ruas.Isso não deixa de ser meu lugar favorito em São Paulo para você se deliciar com inúmeras opções da cultura asiática.;5;5;3;;;;;;;;
4;um ano atrás;Refeição no local;Outro;Fui comer um docinho pós almoço e como sempre estava lotado. O lugar possui dois andares de mesas para sentar, mas mesmo assim é uma batalha. Por fim conseguimos um lugar.Os doces são lindos e chamam muito a atenção. Obviamente escolhi pela aparência. Folha verde era recheada com mousse de chocolate e curd de limão. Estava gostosa, mas nada fascinante.O alien tinha recheio de chocolate e brigadeiro, esse sim estava fantástico.;4;5;3;;;;;;;;
5;um ano atrás;Refeição no local;R$ 20–40;Já fui tantas vezes que perdi a conta! Continua sendo minha opção principal ao ir na Liberdade. Ainda me lembro dos primeiros dias da 89, e ela foi uma baita diferença positiva no bairro na época. Ela continua melhorando seus docinhos, salgados, bebidas etc, e o ambiente continua com um toque que adoro. A cafeteria enche muito, então é sempre bom aparecer cedo para ter lugar disponível.;5;5;5;;;;Bolo de Melão, Choux Cream E Bolinho de Kare, Diversos Sanduíches, Bolo de Morango Com Chantilly;;;;
4;um mês atrás;Brunch;R$ 80–100;Foi uma experiência satisfatória. É uma cafeteria com um cardápio bem diverso e do pouco que eu experimentei, eu gostei bastante. O preço é um pouco salgado e o local é consideravelmente cheio. Dependendo do horário corre risco de não ter mesas disponíveis.;5;4;4;Nível alto de barulho, mas ainda é possível conversar;;;;;;Área de refeições coberta, Lugares no balcão;
5;8 meses atrás;Outro;R$ 60–80;⭐⭐⭐⭐⭐ Café de altíssimo nível com atmosfera criativa e acolhedora!A 89ºC Coffee Station é muito mais do que uma cafeteria: é um espaço onde o café é tratado como arte, e cada detalhe da experiência é cuidadosamente pensado para quem ama sabor, estética e aconchego. Desde a primeira visita, já dá pra perceber que aqui o padrão é outro — elevado, porém acessível.Logo na entrada, o ambiente impressiona: uma mistura harmônica entre minimalismo, design contemporâneo e elementos orientais sutis. Tudo é bonito, funcional e acolhedor. O espaço é relativamente pequeno, mas muito bem organizado. Ideal para quem quer fazer uma pausa, trabalhar um pouco ou simplesmente apreciar um bom café com calma.Agora, vamos ao destaque: o café.A casa trabalha com grãos especiais, moídos na hora, e oferece diversos métodos de preparo: do espresso ao coado no V60, Kalita ou Aeropress. Dá pra perceber que os baristas sabem exatamente o que estão fazendo — são bem treinados, atenciosos e sempre dispostos a explicar os métodos e sugerir opções conforme seu gosto.Experimentei um coado no V60 com grãos etíopes e foi excepcional: aroma frutado, acidez equilibrada e final limpo, como manda o manual dos cafés especiais. O espresso também é excelente — encorpado, doce na medida e com crema consistente.Outro ponto alto são os doces e salgados artesanais. Os croissants são incrivelmente leves e crocantes, com sabor de manteiga de verdade. E o cookie de chocolate com flor de sal é simplesmente viciante — crocante por fora, macio por dentro, e com um equilíbrio perfeito entre o doce e o salgado. Combina maravilhosamente com um flat white.Pontos fortes:✔️ Café de altíssima qualidade, com variedade de métodos e grãos especiais✔️ Atendimento técnico, gentil e apaixonado por café✔️ Doces e salgados impecáveis (com destaque para os croissants e cookies)✔️ Ambiente sofisticado, limpo e confortável✔️ Ideal para café com calma, encontros ou trabalho soloPontos a considerar:O espaço é pequeno e pode ficar cheio em horários de pico, então se busca tranquilidade, tente ir fora dos horários mais movimentados. E os preços são um pouco acima da média — mas completamente justificados pela qualidade da experiência.Conclusão:A 89ºC Coffee Station é um verdadeiro refúgio para amantes de café de verdade. Um lugar onde cada xícara é feita com técnica, carinho e intenção. Já entrou na minha lista de cafeterias favoritas da cidade — e sempre que posso, volto para explorar novos grãos e sabores. Recomendo de olhos fechados!;5;5;5;;2 pessoas;Sem espera;;;;;
4;10 meses atrás;Café da manhã;R$ 20–40;O local é bem localizado, saindo da estação de metrô da linha 1 azul Japão-Liberdade é possível encontrá-lo na próxima esquina do lado direito (saindo da estação). Achei o sistema de pedido de lanches e bebidas um pouco estranho, primeiro você pede um e depois entra na fila pra pedir outro. Para quem quer somente um dos dois é prático, mas acaba sendo passos a mais quando quer os dois. O salgado de folheado de frango com requeijão é bem bom e o latte também, acredito que os dois tenha dado em torno de R$35,00. Bom para conhecer.;5;3;4;;;;;;;;
5;um ano atrás;Refeição no local;Outro;O local é muito legal e diferente. Parece que você está em Nova York. Tem muitas opções de doces, salgados e bebidas. As comidas são saborosas e muito bonitas.Possui várias opções vegetarianas e algumas veganas. A coxinha de shimeji estava muito boa. O chocolate quente italiano também é uma delícia, bem denso e também dá pra comer a casquinha. Estava um pouco amargo, mas com açúcar ficou ótimo.O atendimento é um pouco confuso porque tem várias filas para cada tipo de comida e o espaço dos pedidos é pequeno. Porém os funcionários são muito prestativos. Tem mesas no segundo e terceiro andar.;5;4;5;;;;;;;;
4;2 meses atrás;Brunch;R$ 20–40;"Bom ambiente, um pouco apertado mas limpo.Tenho hábito de provar o choux cream sabor baunilha; que é bem saboroso por sinal. Creme feito com favas de baunilha. O único porém é que o tamanho do produto foi diminuindo ao longo do tempo. Uma pena…Poderiam ter mantido no mínimo o tamanho inicial que era OK, que me satisfazia por um preço justo. Espero que revejam.No mais, o atendimento é OK pelos padrões de hj. Nada de excepcional ! Pois sei que normalmente a visitação no local é bem cheia. Vale ao menos uma visita!";4;4;4;Nível alto de barulho, mas ainda é possível conversar;;;;;;;Nenhum evento especial
5;10 meses atrás;R$ 20–40;;Ambiente maravilhoso, especialmente o último andar, que é mais vazio e silencioso. Pedi um chocolate quente que estava perfeito e um doce delicioso com mousse de chocolate e limão, tudo muito gostoso e bonito (dava dó de comer!). O biscoito de gengibre é muito fofo e saboroso, assim como os macarons, fica até difícil escolher com tantas opções.Verdadeiras obras de arte por todo lado na vitrine, dá vontade de morar na Liberdade só pra experimentar tudo nesse café. Já quero voltar!;5;5;5;Nível moderado de barulho;;Sem espera;;;;;
5;um ano atrás;Refeição no local;Outro;A 89 Coffee Station se localiza bem na saída do metrô da liberdade, onde geralmente ocorre a Feira da Liberdade nos fins de semana. Por conta disso, espere um lugar cheio e com muitas filas, porém em dias de semana isso se ameniza bastante! Fomos numa segunda-feiras às 14h e estava bem tranquilo, não pegamos nenhuma fila e ainda tinha tudo. Existem várias mesas, cadeiras e balcões dispostas pelo estabelecimento, concentradas mais no piso superior.Para entrar na loja você pega uma comanda que será usada para todos os pedidos, basta ir até oo balcão, escolher, entregar a comanda para ser escaneada e fazer seu pedido. Bem prático.Existem diversas opções de salgados, doces e bebidas, porém fomos na intenção de uma sobremesa e optamos pelo Croux Cream e pelo Croissant de Chocolate Belga, estavam deliciosos e bem recheados.Os preços são bem justos pelo que é oferecido, com um custo X benefício excelente!Com certeza é um lugar que vale a pena ir, já estamos programando uma nova visita 😋;5;5;5;;;;Croissants E Choux Creams Diversos;;;;
2;11 meses atrás;Refeição no local;Café da manhã;Experiência decepcionante!A padaria tem fama de ser boa, mas a realidade foi bem diferente. O local é extremamente desorganizado e cheio de filas. Para conseguir tomar um café e comer algo, precisei enfrentar quatro filas diferentes, o que achei um absurdo. Quando finalmente consegui minha bebida, os lanches já estavam frios.Além disso, o sabor deixou a desejar. Pedimos salgados e doces, e nenhum deles foi realmente saboroso. Esperava muito mais pela reputação do lugar, mas a experiência foi frustrante.Infelizmente, não recomendo e não pretendo voltar. A padaria precisa melhorar muito tanto na organização quanto na qualidade dos produtos.;1;1;3;;;;;;;;
1;9 meses atrás;Brunch;R$ 40–60;"Péssima experiência e ainda passei mal.Primeiro, vá sabendo que os preços são bem elevados... Frequento diversas cafeterias em bairros nobres como Higienópólis e Oscar Freire e mesmo assim pago menos.Pedi um café mocha que custou 19,00. No começo, achei que tinham me servido errado, pois não senti gosto nenhum do chocolate. Ao chegar no fim, vi a calda de chocolate no fundo e logo me questionei: Por qual razão não serviram já com uma colher? Depois que experimentei a calda, preferi que fosse assim mesmo, já que tinha um gosto HORRÍVEL.O croissant não é nada demais, nada que justifique o valor de 25 reais. Como eu mencionei, você encontra em outras cafeterias croissants com qualidade bem melhor e valor um pouco inferior.Além de pagar quase 50 reais em um simples lanche, os funcionários são mal educados. O atendente que me entregou o croissant não respondeu meu boa noite, e quando o agradeci pela bandeja, ele respondeu ""PRÓXIMO!!"". Ah, vale ressaltar que você não é servido: você retira os pedidos no balcão.Por fim, o ponto principal: Eu passei MAL depois! Sai pesada e com a sensação de estufamento, além de sentir meu estômago ""revirado"".Tem muitas opções de comida, é um espaço grande, bem climatizado e ""instagramável"", mas não voltaria nessa cafeteria por tudo que aconteceu.Além disso, vale ressaltar que também estava com um amigo e ele também passou mal após comer o lanche de salmão.";1;2;5;;Adequado para grupos de todos os tamanhos;Sem espera;Diversos Sanduíches, Croissant Com Amêndoas;;;;
5;Editado um ano atrás;Refeição no local;Café da manhã;📍Cafeteria localizada bem em frente a saída da estação da Liberdade, com produtos diferenciados e repleta de opções.Tem tanta opção que você nem sabe o que escolher rsrsMas sempre que vou,  procuro optar por algo que gostei muito e algo que nunca provei,  para ir conhecendo e experimentando novos sabores.🥐 O croissant de amêndoas é maravilhoso, tem a massa bem folhada, fresquinha e super macia, uma delícia.Custo: R$ 16,50🥐 O croissant de shimeji com gorgonzola, é bem diferente, porém muito gostoso também e tem um leve toque picante no final, vale a pena experimentar.O Choux de Matchá - quitute de origem francesa, mas que se popularizou no Japão e ganhou adaptações orientais. A massa tem crosta crocante e recheio de Matchá.🌿 Matcha é um chá verde moído do Japão. Literalmente a palavra matcha significa chá em pó. Matcha chá também é um ingrediente de confeitaria no Japão. Também no Ocidente, é usado para fazer smoothies, sorvetes e sobremesas variadas.🍗 A Coxinha de frango é muito gostosa, a massa é fina e eles capricham no recheio.O toast de muçarela de búfala, com tomate cereja, também é muito bom.🥙 O lanche de salmão defumado é maravilhoso.☕ O Café LATTE é bem gostosinho, o suco de laranja é natural e pelo que percebi eles não adicionam água, somente o suco  mesmo.Super recomendo.;5;4;4;;;;;;;;
4;9 meses atrás;R$ 20–40;;Minha experiência no 89°C Coffee Station – Liberdade ☕O espaço é bem amplo, com um ambiente bonito e moderno, mas pode ser um pouco caótico na hora de fazer os pedidos. Há uma fila separada para comidas e outra apenas para bebidas, o que pode causar confusão, principalmente em dias mais movimentados.Estive lá em um sábado e o local estava super lotado, então é bom ir com um pouco de paciência. Por outro lado, o atendimento é surpreendentemente rápido e a equipe é super cordial – ponto positivo para o time, que merece elogios!Recomendo para quem estiver passeando pela região e quiser experimentar um cafezinho diferente ou alguma bebida especial. Só vale destacar que os preços são um pouco elevados, então prepare-se para isso.No geral, acho que vale a pena conhecer o local, principalmente se você curte cafés especiais em ambientes estilosos.;4;4;4;Nível alto de barulho, mas ainda é possível conversar;;De 10 a 30 min;;;;;
4;6 meses atrás;R$ 40–60;;Fui em uma 6ªf a tarde. Tinha fila, mas não é surreal que nem no fim de semana. Andou rápido. Só achei ruim que você precisa decidir só olhando na vitrine enquanto anda na fila.Comi o bolo de blackberry & lemon e estava muito bom!Bebidas você pede em uma fila a parte. Tinha quase nada de fila. Pedi matchá latte, com a troca do leite por leite vegetal (há adição de valor).Tem 2 andares com mesas e consegui sentar no 2º andar sem aguardar.Recomendo conhecer, mas de dia de semana.;5;4;3;Nível alto de barulho, mas ainda é possível conversar;2 pessoas;;;;;;
4;um mês atrás;Café da manhã;R$ 60–80;Eu adoro essa cafeteria, sempre quando estou em São Paulo realizo mais de uma refeição nela. Muitas variedades de doces e salgados. Você faz o pedido no balcão, eles entregam a bandeja com a comida e a bebida, e você escolhe onde sentar. A única coisa que incomoda é a quantidade de pessoas (quase sempre lotado). Os preços são aceitáveis. Só não vou dar 5 estrelas, porque algumas bebidas são bem doces, se tornando enjoativas. Mas vale super a pena visitar a cafeteria.;4;2;4;;;;;;;;
5;8 meses atrás;Café da manhã;R$ 60–80;Adorei o café e os doces, principalmente os doces né, tem muitos doces temáticos de animações que pode despertar muita curiosidade em quem olha. Recomendo a todos os turistas!;5;5;5;Nível moderado de barulho;;Até 10 minutos;;;;;
5;um ano atrás;Refeição no local;Café da manhã;"Eu nunca vou me esquecer de o quão maravilhoso o croassaint de chocolate belga foi na minha vida. Eu ainda penso nele todos os dias.O lugar é maravilhoso, com sobressalva às comidas que são divinas!! Não é um lugar vazio, pelo contrário, você pode ir às 7 horas da manhã de uma quarta-feira que vai ter bastante gente. Porém, esse é aparentemente o único defeito que consigo citar, sendo esse a origem para outros: Acredito que com o grande volume de clientes e trabalho os atendentes acabam sobrecarregados e deixam isso transparecer, mas ainda sim são muito prestativos. Comi de doce, um croassaint de chocolate belga; parte salgada, um kare pan. Tomei um matcha latte para experimentar o chimarrão dos asiáticos pela primeira vez: vai muito bem com coisas salgadas, porém é terrível de acompanhar doces.Experiência linda, o ambiente é agradável, principalmente nos andares de cima. Os preços não chegam nem perto de serem baratos, porém eu achei muito em conta comparado ao que geralmente é cobrado na área.Não vejo a hora de voltar lá!!";5;4;4;;;;Croissants E Choux Creams Diversos;;;;
5;9 meses atrás;Café da manhã;R$ 40–60;O lugar e muito bacana, a fila la dentro e enorme mas anda bem rápido, ao fazer o pedido vc já precisa saber o que pedir pois é bem rápido não dá pra ficar enrolando. Vale muito a pena o croissant  com morangos, é divino assim como a baguete de salame, adorei pretendo voltar e experimentar outras delícias 😋;5;5;5;;;Até 10 minutos;;;;Área de refeições coberta;
5;um ano atrás;Refeição no local;Brunch;Local com muitas opções de doces artesanais e também salgados.Possui um ambiente grande e com muitas mesas, o atendimento apesar de sempre cheio é relativamente rapido.Pedi um Croissant de Chocolate Belga e foi muito bom, o chocolate é suave e não enjoativo.;5;5;5;;;;;;;;
5;11 meses atrás;Refeição no local;Café da manhã;Local é bem cheio nós fins de semana, porém super vale a pena!Atendimento maravilhoso, atendentes super simpáticos e bem pontuais na entrega, quando estava na fila estava prestando a atenção nos processos de atendimento e vi que é extremamente organizado, os funcionários são bem ágeis e demonstraram estar bem leves e tranquilos mesmo com o estabelecimento lotadíssimo, demonstraram autocontrole e alegria em servir. O local é super limpo e a funcionária que limpava as mesas era super ágil e atenciosa.A comida é incrível não tem nem muito o que falar. Os preços são justos e equivalentes.Super recomendo.;5;5;5;;;;Diversos Sanduíches;;;;
5;um ano atrás;Refeição no local;Café da manhã;Já tinha um tempo que eu queria conhecer. Valeu muito a pena. As opções são diversas tanto de doces quanto de salgados e, além de bonitos, são saborosos. As vitrines estão sempre cheias e muito bonitas. Opções de bebidas também bem variada. Achei o preço a cereja do bolo, muito justo por tudo que oferece.O espaço enche bastante, mas foi fácil achar uma mesa estando em duas pessoas. Por conta do volume de pessoas as filas podem ficar confusar e passar com a bandeja pode ser um desafio.Muito fácil o acesso, quase em frente ao metrô.;5;4;4;;;;;;;;
3;um ano atrás;Refeição no local;Outro;Salgados e doces saborosos. Doces menos adocicados que os da confeitaria brasileira, com alguns sabores mais exóticos.Infelizmente como tantos bons lugares na região, fica sempre com muito mais clientes que a capacidade.O serviço é organizado de uma maneira peculiar: uma fila para salgados e doces e uma outra fila para bebidas, da qual você sai com uma senha eletrônica para mais um pouco de espera.Há balcão e mesas nos dois andares superiores para uso livre de quem tem sorte.;5;2;1;;;;Croissants E Choux Creams Diversos;;;;
5;2 anos atrás;Refeição no local;Jantar;Lugar movimentadíssimo, mas com bom atendimento e rápido. Os produtos já estão prontos, basta escolher na vitrine. Os salgados são aquecidos na hora. Tem fila pra pegar a bebida, outra fila para os salgados e mais outra para os doces. São tantas opções que dá vontade de pegar um de cada... Experimentei a focaccia, que estava muito deliciosa e bem servida. Os doces são lindos. O macaron de amora estava muito bom.  Tem dois andares onde podemos sentar e saborear com calma. Muito bom para comer alguma coisa diferente...;4;5;5;;;;;;;;
5;10 meses atrás;Café da manhã;R$ 40–60;Peguei um New York Roll e um sanduíche de copa para levar. Destaque absoluto para o roll de pistache: super recheado e extremamente delicioso! Tudo muito saboroso, valeu muito a pena.;5;5;5;;;Até 10 minutos;;;;;
5;um ano atrás;;;A Padaria é ótima, faz jus as suas avaliações. Tem muita variedade e o preço é justo com o que ofertam, contudo, acredito que os pratos são mais bem apresentados do que tem um gosto bom, a comida é boa, mas acredito que servem mais as pessoas que tem um paladar que gosta de coisas mais leves e pouco doce, principalmente, por ter doces importados. Então não vá buscando opções de doces e salgados comum de padaria, porque esse não é o lugar. Foi uma boa experiência e tem uma boa estrutura e bastante fila como tudo em São Paulo rsrsrs. Recomendo💕;4;5;4;;;;;;;;
5;2 anos atrás;Refeição no local;Outro;As comidas e bebidas são maravilhosas!Conheço a loja desde a inauguração, gosto muito dos produtos da 89!A qualidade dos ingredientes é muito boa, eu amei o novo produto deles: o New York Roll.Eu já comi de outros lugares, mas esse foi o que mais gostei, maravilhoso! Bem recheado, saboroso e a massa crocante, deliciosa!Eu comi o de pistache.Super recomendo!O horário que fui ontem já era tarde e não estavam fazendo bebidas geladas, apenas as quentes. Então peguei um Kombuchá dos refrigeradores, pois estava muito calor e não dava para tomar bebidas quentes. Mas já tomei bebidas geladas em outras visitas e estavam muito boas!Ponto que tem que melhorar é a forma do atendimento e o ambiente: é muito lotado e fica desorganizado o atendimento, um pouco confuso.;5;4;3;;;;;;;;
5;Editado 2 anos atrás;Refeição no local;Café da manhã;Este é definitivamente o lugar perfeito para desfrutar de um delicioso café da manhã ou tarde na Liberdade! Considero-o a melhor cafeteria local, pois a diversidade de opções oferecidas é simplesmente incrível. Eles servem café gourmet, karepan (pão recheado), chá com boba e muitas outras opções deliciosas.É verdade que o local costuma ficar bastante movimentado, e as reclamações sobre a lotação são compreensíveis, afinal, é tão popular que atrai muitos clientes. No entanto, nas três vezes em que visitei, consegui encontrar lugar para sentar, então isso não foi um problema para mim. Além disso, é ótimo saber que eles têm opções para vegetarianos e pessoas com restrições alimentares, o que torna a experiência ainda mais inclusiva e agradável.O sistema de filas não é tão organizado,  mas é dividido em lanches (doces e salgados), bebidas e pagamento, facilita o processo de compra e mas nem sempre evita confusão pois o espaço é bem apertado. O fato de haver dois andares oferece ainda mais espaço para acomodar os clientes.Quanto ao atendimento, foi padrão, sem grandes destaques positivos ou negativos. O importante é que tudo o que comi, desde os salgados até as sobremesas, estava simplesmente ótimo! Em particular, recomendo experimentar o karepan, que é uma verdadeira sensação.Em relação ao preço, considero-o razoável, levando em conta a qualidade e a variedade das opções oferecidas.Se você não se sente confortável em lugares muito cheios, vale a pena considerar a opção de levar os itens para viagem. Essa cafeteria é definitivamente um destino imperdível para quem deseja saborear uma diversidade de delícias na Liberdade.Voltaria? Com toda certeza que sim.;5;4;5;;;;;;;;
5;4 meses atrás;Café da manhã;R$ 20–40;Adorei o croissant, delicioso. A choux de baunilha impecável. Lugar lindo e bem localizado na liberdade! Amei.;4;5;5;;1 pessoa, 2 pessoas, De 3 a 4 pessoas, De 5 a 8 pessoas;;;;;;
5;9 meses atrás;Brunch;R$ 100–120;Uma das melhores experiências que eu já tive na Liberdade, tudo nesse lugar é perfeito e vale cada centavo, o ponto negativo é apenas as filas que sempre estão gigantes!! Tá sempre muito cheio, mas o atendimento e atenção dos funcionários é um espetáculo a parte.;5;5;5;;;De 10 a 30 min;;;;Área de refeições coberta, Área do bar;
5;4 meses atrás;;;Verias opções de café, pães, salgados e doces, cada um mais gostoso do que outro. Difícil ir e comer um só.;5;5;5;;;;;;;;
5;8 meses atrás;R$ 40–60;;Adorei este café, tem uma fila danada mas vale a pena conhecer. Os itens são caros mas como é bem personalizado e diferente, eu amei! O café é gostoso, os doces e salgados são ótimos.;5;5;5;Nível alto de barulho, mas ainda é possível conversar;;Varia de acordo com o horário e o dia;;;;;
5;um ano atrás;Refeição no local;Café da manhã;Tudo muito saboroso e bem feito. Ambiente agradável.O cappuccino gelado e o New York Roll de Nutella são fenomenais.O sanduíche de queijo com salame é sempre uma opção certeira.;5;4;5;;;;Donuts Chocolate Belga 50 E Donuts Pasta de Amendoim, Frappe Chocolate, Diversos Sanduíches;;;;
4;11 meses atrás;;;Local muito bonito assim como sua vista da janela. O problema é que quando lota fica difícil transitar com seu alimento até a área das mesas, tendo que ficar desviando dos outros tendo risco de derrubar. É que lá você pede bebidas num balcão, o alimento num outro balcão e daí você luta pra achar uma mesa pra ti.Achei os preços inflacionados mas já imaginava. A comida é muito boa e achei o espaço bem agradável.Recomendo baixar o cardápio de bebidas pelo Qr Code (tem umas plaquinhas espalhadas perto da entrada), pra chegar no balcão sem pressão de ter que escolher logo.Por mim, vale conhecer sim.;5;3;4;;;;;;;;
